Exaiptasia_pallida_EPA|XP_020898273.1	b7320f520f377d1452f6ff4efb969368	257	Gene3D	G3DSA:1.20.5.320		88	135	1.1E-5	T	31-10-2018
Exaiptasia_pallida_EPA|XP_020898273.1	b7320f520f377d1452f6ff4efb969368	257	MobiDBLite	mobidb-lite	consensus disorder prediction	28	119	-	T	31-10-2018
Exaiptasia_pallida_EPA|XP_020898273.1	b7320f520f377d1452f6ff4efb969368	257	Pfam	PF01391	Collagen triple helix repeat (20 copies)	64	115	8.5E-9	T	31-10-2018	IPR008160	Collagen triple helix repeat		
Exaiptasia_pallida_EPA|XP_020898273.1	b7320f520f377d1452f6ff4efb969368	257	Pfam	PF01391	Collagen triple helix repeat (20 copies)	37	94	1.4E-10	T	31-10-2018	IPR008160	Collagen triple helix repeat		
Exaiptasia_pallida_EPA|XP_020898273.1	b7320f520f377d1452f6ff4efb969368	257	PANTHER	PTHR11903		18	70	1.3E-78	T	31-10-2018
Exaiptasia_pallida_EPA|XP_020898273.1	b7320f520f377d1452f6ff4efb969368	257	PANTHER	PTHR11903:SF18		72	256	1.3E-78	T	31-10-2018
Exaiptasia_pallida_EPA|XP_020898273.1	b7320f520f377d1452f6ff4efb969368	257	PANTHER	PTHR11903:SF18		18	70	1.3E-78	T	31-10-2018
Exaiptasia_pallida_EPA|XP_020898273.1	b7320f520f377d1452f6ff4efb969368	257	PANTHER	PTHR11903		72	256	1.3E-78	T	31-10-2018
Exaiptasia_pallida_EPA|XP_020898272.1	b7320f520f377d1452f6ff4efb969368	257	Gene3D	G3DSA:1.20.5.320		88	135	1.1E-5	T	31-10-2018
Exaiptasia_pallida_EPA|XP_020898272.1	b7320f520f377d1452f6ff4efb969368	257	MobiDBLite	mobidb-lite	consensus disorder prediction	28	119	-	T	31-10-2018
Exaiptasia_pallida_EPA|XP_020898272.1	b7320f520f377d1452f6ff4efb969368	257	Pfam	PF01391	Collagen triple helix repeat (20 copies)	64	115	8.5E-9	T	31-10-2018	IPR008160	Collagen triple helix repeat		
Exaiptasia_pallida_EPA|XP_020898272.1	b7320f520f377d1452f6ff4efb969368	257	Pfam	PF01391	Collagen triple helix repeat (20 copies)	37	94	1.4E-10	T	31-10-2018	IPR008160	Collagen triple helix repeat		
Exaiptasia_pallida_EPA|XP_020898272.1	b7320f520f377d1452f6ff4efb969368	257	PANTHER	PTHR11903		18	70	1.3E-78	T	31-10-2018
Exaiptasia_pallida_EPA|XP_020898272.1	b7320f520f377d1452f6ff4efb969368	257	PANTHER	PTHR11903:SF18		72	256	1.3E-78	T	31-10-2018
Exaiptasia_pallida_EPA|XP_020898272.1	b7320f520f377d1452f6ff4efb969368	257	PANTHER	PTHR11903:SF18		18	70	1.3E-78	T	31-10-2018
Exaiptasia_pallida_EPA|XP_020898272.1	b7320f520f377d1452f6ff4efb969368	257	PANTHER	PTHR11903		72	256	1.3E-78	T	31-10-2018
Exaiptasia_pallida_EPA|XP_020898274.1	b7320f520f377d1452f6ff4efb969368	257	Gene3D	G3DSA:1.20.5.320		88	135	1.1E-5	T	31-10-2018
Exaiptasia_pallida_EPA|XP_020898274.1	b7320f520f377d1452f6ff4efb969368	257	MobiDBLite	mobidb-lite	consensus disorder prediction	28	119	-	T	31-10-2018
Exaiptasia_pallida_EPA|XP_020898274.1	b7320f520f377d1452f6ff4efb969368	257	Pfam	PF01391	Collagen triple helix repeat (20 copies)	64	115	8.5E-9	T	31-10-2018	IPR008160	Collagen triple helix repeat		
Exaiptasia_pallida_EPA|XP_020898274.1	b7320f520f377d1452f6ff4efb969368	257	Pfam	PF01391	Collagen triple helix repeat (20 copies)	37	94	1.4E-10	T	31-10-2018	IPR008160	Collagen triple helix repeat		
Exaiptasia_pallida_EPA|XP_020898274.1	b7320f520f377d1452f6ff4efb969368	257	PANTHER	PTHR11903		18	70	1.3E-78	T	31-10-2018
Exaiptasia_pallida_EPA|XP_020898274.1	b7320f520f377d1452f6ff4efb969368	257	PANTHER	PTHR11903:SF18		72	256	1.3E-78	T	31-10-2018
Exaiptasia_pallida_EPA|XP_020898274.1	b7320f520f377d1452f6ff4efb969368	257	PANTHER	PTHR11903:SF18		18	70	1.3E-78	T	31-10-2018
Exaiptasia_pallida_EPA|XP_020898274.1	b7320f520f377d1452f6ff4efb969368	257	PANTHER	PTHR11903		72	256	1.3E-78	T	31-10-2018
Exaiptasia_pallida_EPA|XP_020901505.1	2b2d43906c2f144ee3d4a7aff5d7f88e	213	Pfam	PF01391	Collagen triple helix repeat (20 copies)	24	73	7.0E-8	T	31-10-2018	IPR008160	Collagen triple helix repeat		
Exaiptasia_pallida_EPA|XP_020901505.1	2b2d43906c2f144ee3d4a7aff5d7f88e	213	PANTHER	PTHR11903		13	211	2.8E-76	T	31-10-2018
Exaiptasia_pallida_EPA|XP_020901505.1	2b2d43906c2f144ee3d4a7aff5d7f88e	213	PANTHER	PTHR11903:SF18		13	211	2.8E-76	T	31-10-2018
Exaiptasia_pallida_EPA|XP_020901505.1	2b2d43906c2f144ee3d4a7aff5d7f88e	213	MobiDBLite	mobidb-lite	consensus disorder prediction	28	72	-	T	31-10-2018
Lamellibrachia_luymsi_proteins_LLU|FUN_003926-T1	b7aabbbea600adb746c859e761a663ce	170	PANTHER	PTHR11903:SF18		20	162	1.4E-41	T	31-10-2018
Lamellibrachia_luymsi_proteins_LLU|FUN_003926-T1	b7aabbbea600adb746c859e761a663ce	170	PANTHER	PTHR11903		20	162	1.4E-41	T	31-10-2018
Phoronis_australis_PAU|g19567.t1	3731975eef5b9539704cd4dfb46123c1	267	Pfam	PF01391	Collagen triple helix repeat (20 copies)	87	130	2.5E-7	T	31-10-2018	IPR008160	Collagen triple helix repeat		
Phoronis_australis_PAU|g19567.t1	3731975eef5b9539704cd4dfb46123c1	267	Pfam	PF01391	Collagen triple helix repeat (20 copies)	33	83	5.7E-9	T	31-10-2018	IPR008160	Collagen triple helix repeat		
Phoronis_australis_PAU|g19567.t1	3731975eef5b9539704cd4dfb46123c1	267	PANTHER	PTHR11903:SF18		90	265	1.7E-57	T	31-10-2018
Phoronis_australis_PAU|g19567.t1	3731975eef5b9539704cd4dfb46123c1	267	MobiDBLite	mobidb-lite	consensus disorder prediction	28	127	-	T	31-10-2018
Phoronis_australis_PAU|g19567.t1	3731975eef5b9539704cd4dfb46123c1	267	PANTHER	PTHR11903		90	265	1.7E-57	T	31-10-2018
Lingula_anatina_LAN|XP_013399920.1	07d73117eced363c2f14f07d3aeb05f8	1303	CDD	cd00062	FN2	576	621	5.38317E-13	T	31-10-2018	IPR000562	Fibronectin type II domain		
Lingula_anatina_LAN|XP_013399920.1	07d73117eced363c2f14f07d3aeb05f8	1303	Pfam	PF00024	PAN domain	513	552	1.5E-5	T	31-10-2018	IPR003609	PAN/Apple domain		
Lingula_anatina_LAN|XP_013399920.1	07d73117eced363c2f14f07d3aeb05f8	1303	SUPERFAMILY	SSF49899		800	976	2.77E-27	T	31-10-2018	IPR013320	Concanavalin A-like lectin/glucanase domain superfamily		
Lingula_anatina_LAN|XP_013399920.1	07d73117eced363c2f14f07d3aeb05f8	1303	CDD	cd00062	FN2	378	425	8.88769E-11	T	31-10-2018	IPR000562	Fibronectin type II domain		
Lingula_anatina_LAN|XP_013399920.1	07d73117eced363c2f14f07d3aeb05f8	1303	SMART	SM00059		444	487	2.3E-12	T	31-10-2018	IPR000562	Fibronectin type II domain		
Lingula_anatina_LAN|XP_013399920.1	07d73117eced363c2f14f07d3aeb05f8	1303	SMART	SM00059		575	621	6.9E-19	T	31-10-2018	IPR000562	Fibronectin type II domain		
Lingula_anatina_LAN|XP_013399920.1	07d73117eced363c2f14f07d3aeb05f8	1303	SMART	SM00059		377	425	2.4E-10	T	31-10-2018	IPR000562	Fibronectin type II domain		
Lingula_anatina_LAN|XP_013399920.1	07d73117eced363c2f14f07d3aeb05f8	1303	Pfam	PF00354	Pentaxin family	792	977	5.0E-32	T	31-10-2018	IPR001759	Pentraxin-related		
Lingula_anatina_LAN|XP_013399920.1	07d73117eced363c2f14f07d3aeb05f8	1303	Pfam	PF00354	Pentaxin family	172	347	1.9E-27	T	31-10-2018	IPR001759	Pentraxin-related		
Lingula_anatina_LAN|XP_013399920.1	07d73117eced363c2f14f07d3aeb05f8	1303	ProSitePatterns	PS00289	Pentraxin domain signature.	882	889	-	T	31-10-2018	IPR030476	Pentaxin, conserved site		
Lingula_anatina_LAN|XP_013399920.1	07d73117eced363c2f14f07d3aeb05f8	1303	PANTHER	PTHR19277		145	367	1.0E-78	T	31-10-2018
Lingula_anatina_LAN|XP_013399920.1	07d73117eced363c2f14f07d3aeb05f8	1303	SUPERFAMILY	SSF57440		437	488	2.23E-12	T	31-10-2018	IPR013806	Kringle-like fold		
Lingula_anatina_LAN|XP_013399920.1	07d73117eced363c2f14f07d3aeb05f8	1303	ProSiteProfiles	PS51828	Pentraxin (PTX) domain profile.	166	367	32.647	T	31-10-2018	IPR001759	Pentraxin-related		
Lingula_anatina_LAN|XP_013399920.1	07d73117eced363c2f14f07d3aeb05f8	1303	SMART	SM00159		785	994	1.6E-32	T	31-10-2018	IPR001759	Pentraxin-related		
Lingula_anatina_LAN|XP_013399920.1	07d73117eced363c2f14f07d3aeb05f8	1303	SMART	SM00159		162	367	1.6E-27	T	31-10-2018	IPR001759	Pentraxin-related		
Lingula_anatina_LAN|XP_013399920.1	07d73117eced363c2f14f07d3aeb05f8	1303	Gene3D	G3DSA:2.10.10.10		371	426	7.2E-17	T	31-10-2018	IPR036943	Fibronectin type II domain superfamily		
Lingula_anatina_LAN|XP_013399920.1	07d73117eced363c2f14f07d3aeb05f8	1303	Pfam	PF00040	Fibronectin type II domain	451	487	7.9E-8	T	31-10-2018	IPR000562	Fibronectin type II domain		
Lingula_anatina_LAN|XP_013399920.1	07d73117eced363c2f14f07d3aeb05f8	1303	Pfam	PF00040	Fibronectin type II domain	582	621	1.7E-16	T	31-10-2018	IPR000562	Fibronectin type II domain		
Lingula_anatina_LAN|XP_013399920.1	07d73117eced363c2f14f07d3aeb05f8	1303	Pfam	PF00040	Fibronectin type II domain	384	425	3.1E-10	T	31-10-2018	IPR000562	Fibronectin type II domain		
Lingula_anatina_LAN|XP_013399920.1	07d73117eced363c2f14f07d3aeb05f8	1303	ProSiteProfiles	PS51828	Pentraxin (PTX) domain profile.	789	994	36.302	T	31-10-2018	IPR001759	Pentraxin-related		
Lingula_anatina_LAN|XP_013399920.1	07d73117eced363c2f14f07d3aeb05f8	1303	ProSiteProfiles	PS51092	Fibronectin type-II collagen-binding domain profile.	379	427	16.133	T	31-10-2018	IPR000562	Fibronectin type II domain		
Lingula_anatina_LAN|XP_013399920.1	07d73117eced363c2f14f07d3aeb05f8	1303	PANTHER	PTHR19277:SF1		803	976	1.0E-78	T	31-10-2018
Lingula_anatina_LAN|XP_013399920.1	07d73117eced363c2f14f07d3aeb05f8	1303	ProSiteProfiles	PS51092	Fibronectin type-II collagen-binding domain profile.	577	623	16.765	T	31-10-2018	IPR000562	Fibronectin type II domain		
Lingula_anatina_LAN|XP_013399920.1	07d73117eced363c2f14f07d3aeb05f8	1303	ProSiteProfiles	PS51092	Fibronectin type-II collagen-binding domain profile.	446	489	13.918	T	31-10-2018	IPR000562	Fibronectin type II domain		
Lingula_anatina_LAN|XP_013399920.1	07d73117eced363c2f14f07d3aeb05f8	1303	Pfam	PF14295	PAN domain	714	752	0.0087	T	31-10-2018	IPR003609	PAN/Apple domain		
Lingula_anatina_LAN|XP_013399920.1	07d73117eced363c2f14f07d3aeb05f8	1303	Pfam	PF14295	PAN domain	637	672	0.2	T	31-10-2018	IPR003609	PAN/Apple domain		
Lingula_anatina_LAN|XP_013399920.1	07d73117eced363c2f14f07d3aeb05f8	1303	SUPERFAMILY	SSF49899		169	349	7.03E-27	T	31-10-2018	IPR013320	Concanavalin A-like lectin/glucanase domain superfamily		
Lingula_anatina_LAN|XP_013399920.1	07d73117eced363c2f14f07d3aeb05f8	1303	SUPERFAMILY	SSF57440		373	426	1.08E-13	T	31-10-2018	IPR013806	Kringle-like fold		
Lingula_anatina_LAN|XP_013399920.1	07d73117eced363c2f14f07d3aeb05f8	1303	SUPERFAMILY	SSF57440		571	621	1.34E-16	T	31-10-2018	IPR013806	Kringle-like fold		
Lingula_anatina_LAN|XP_013399920.1	07d73117eced363c2f14f07d3aeb05f8	1303	Gene3D	G3DSA:2.10.10.10		565	626	6.7E-21	T	31-10-2018	IPR036943	Fibronectin type II domain superfamily		
Lingula_anatina_LAN|XP_013399920.1	07d73117eced363c2f14f07d3aeb05f8	1303	Gene3D	G3DSA:2.60.120.200		790	988	1.7E-41	T	31-10-2018
Lingula_anatina_LAN|XP_013399920.1	07d73117eced363c2f14f07d3aeb05f8	1303	Gene3D	G3DSA:2.60.120.200		166	363	5.4E-38	T	31-10-2018
Lingula_anatina_LAN|XP_013399920.1	07d73117eced363c2f14f07d3aeb05f8	1303	PRINTS	PR00895	Pentaxin signature	190	204	4.6E-19	T	31-10-2018	IPR001759	Pentraxin-related		
Lingula_anatina_LAN|XP_013399920.1	07d73117eced363c2f14f07d3aeb05f8	1303	PRINTS	PR00895	Pentaxin signature	255	273	4.6E-19	T	31-10-2018	IPR001759	Pentraxin-related		
Lingula_anatina_LAN|XP_013399920.1	07d73117eced363c2f14f07d3aeb05f8	1303	PRINTS	PR00895	Pentaxin signature	302	321	4.6E-19	T	31-10-2018	IPR001759	Pentraxin-related		
Lingula_anatina_LAN|XP_013399920.1	07d73117eced363c2f14f07d3aeb05f8	1303	PRINTS	PR00895	Pentaxin signature	212	226	4.6E-19	T	31-10-2018	IPR001759	Pentraxin-related		
Lingula_anatina_LAN|XP_013399920.1	07d73117eced363c2f14f07d3aeb05f8	1303	PRINTS	PR00895	Pentaxin signature	282	301	4.6E-19	T	31-10-2018	IPR001759	Pentraxin-related		
Lingula_anatina_LAN|XP_013399920.1	07d73117eced363c2f14f07d3aeb05f8	1303	PRINTS	PR00895	Pentaxin signature	321	335	4.6E-19	T	31-10-2018	IPR001759	Pentraxin-related		
Lingula_anatina_LAN|XP_013399920.1	07d73117eced363c2f14f07d3aeb05f8	1303	Gene3D	G3DSA:2.10.10.10		438	489	5.8E-15	T	31-10-2018	IPR036943	Fibronectin type II domain superfamily		
Lingula_anatina_LAN|XP_013399920.1	07d73117eced363c2f14f07d3aeb05f8	1303	PANTHER	PTHR19277		803	976	1.0E-78	T	31-10-2018
Lingula_anatina_LAN|XP_013399920.1	07d73117eced363c2f14f07d3aeb05f8	1303	CDD	cd00062	FN2	445	487	1.68437E-10	T	31-10-2018	IPR000562	Fibronectin type II domain		
Lingula_anatina_LAN|XP_013399920.1	07d73117eced363c2f14f07d3aeb05f8	1303	PANTHER	PTHR19277:SF1		145	367	1.0E-78	T	31-10-2018
Lingula_anatina_LAN|XP_013399920.1	07d73117eced363c2f14f07d3aeb05f8	1303	Gene3D	G3DSA:3.50.4.10		494	562	1.6E-6	T	31-10-2018
Lamellibrachia_luymsi_proteins_LLU|FUN_003921-T1	c53aa7b9212030b32cc82bfea157f7ef	145	PANTHER	PTHR11903		18	137	1.2E-38	T	31-10-2018
Lamellibrachia_luymsi_proteins_LLU|FUN_003921-T1	c53aa7b9212030b32cc82bfea157f7ef	145	PANTHER	PTHR11903:SF18		18	137	1.2E-38	T	31-10-2018
Phoronis_australis_PAU|g6124.t1	34ae19b15084f9b952d8b929916c413b	173	PANTHER	PTHR11903:SF18		35	173	1.8E-35	T	31-10-2018
Phoronis_australis_PAU|g6124.t1	34ae19b15084f9b952d8b929916c413b	173	PANTHER	PTHR11903		35	173	1.8E-35	T	31-10-2018
Phoronis_australis_PAU|g6124.t1	34ae19b15084f9b952d8b929916c413b	173	Coils	Coil		27	47	-	T	31-10-2018
Lingula_anatina_LAN|XP_013421168.1	f355c459234d8f8dc3a918f35cef232b	436	PANTHER	PTHR11903:SF18		227	370	5.7E-51	T	31-10-2018
Lingula_anatina_LAN|XP_013421168.1	f355c459234d8f8dc3a918f35cef232b	436	PANTHER	PTHR11903		83	219	5.7E-51	T	31-10-2018
Lingula_anatina_LAN|XP_013421168.1	f355c459234d8f8dc3a918f35cef232b	436	Gene3D	G3DSA:2.60.120.200		381	436	2.6E-12	T	31-10-2018
Lingula_anatina_LAN|XP_013421168.1	f355c459234d8f8dc3a918f35cef232b	436	PANTHER	PTHR11903		227	370	5.7E-51	T	31-10-2018
Lingula_anatina_LAN|XP_013421168.1	f355c459234d8f8dc3a918f35cef232b	436	PANTHER	PTHR11903:SF18		83	219	5.7E-51	T	31-10-2018
Lingula_anatina_LAN|XP_013421168.1	f355c459234d8f8dc3a918f35cef232b	436	ProSiteProfiles	PS50060	MAM domain profile.	383	436	14.348	T	31-10-2018	IPR000998	MAM domain	GO:0016020	
Lingula_anatina_LAN|XP_013421168.1	f355c459234d8f8dc3a918f35cef232b	436	SUPERFAMILY	SSF49899		383	435	5.54E-9	T	31-10-2018	IPR013320	Concanavalin A-like lectin/glucanase domain superfamily		
Lingula_anatina_LAN|XP_013421168.1	f355c459234d8f8dc3a918f35cef232b	436	Pfam	PF00629	MAM domain, meprin/A5/mu	385	435	9.5E-10	T	31-10-2018	IPR000998	MAM domain	GO:0016020	
Phoronis_australis_PAU|g17578.t1	36d3a8608d1b9eb0a0231ea63dbd7653	264	PANTHER	PTHR11903:SF18		84	262	1.2E-43	T	31-10-2018
Phoronis_australis_PAU|g17578.t1	36d3a8608d1b9eb0a0231ea63dbd7653	264	MobiDBLite	mobidb-lite	consensus disorder prediction	29	117	-	T	31-10-2018
Phoronis_australis_PAU|g17578.t1	36d3a8608d1b9eb0a0231ea63dbd7653	264	PANTHER	PTHR11903		84	262	1.2E-43	T	31-10-2018
Phoronis_australis_PAU|g17578.t1	36d3a8608d1b9eb0a0231ea63dbd7653	264	Pfam	PF01391	Collagen triple helix repeat (20 copies)	29	83	2.2E-8	T	31-10-2018	IPR008160	Collagen triple helix repeat		
Phoronis_australis_PAU|g17578.t1	36d3a8608d1b9eb0a0231ea63dbd7653	264	Pfam	PF01391	Collagen triple helix repeat (20 copies)	87	129	8.7E-8	T	31-10-2018	IPR008160	Collagen triple helix repeat		
Lamellibrachia_luymsi_proteins_LLU|FUN_004621-T1	d37887e929a286761b04a3bd4f462499	262	PANTHER	PTHR11903:SF18		113	254	4.0E-44	T	31-10-2018
Lamellibrachia_luymsi_proteins_LLU|FUN_004621-T1	d37887e929a286761b04a3bd4f462499	262	PANTHER	PTHR11903		113	254	4.0E-44	T	31-10-2018
Lamellibrachia_luymsi_proteins_LLU|FUN_004621-T1	d37887e929a286761b04a3bd4f462499	262	Coils	Coil		73	100	-	T	31-10-2018
Lingula_anatina_LAN|XP_013387245.1	fe2991bb1dceeaeb508e49e370b1bbb2	205	MobiDBLite	mobidb-lite	consensus disorder prediction	28	68	-	T	31-10-2018
Lingula_anatina_LAN|XP_013387245.1	fe2991bb1dceeaeb508e49e370b1bbb2	205	PANTHER	PTHR11903		22	205	2.4E-53	T	31-10-2018
Lingula_anatina_LAN|XP_013387245.1	fe2991bb1dceeaeb508e49e370b1bbb2	205	PANTHER	PTHR11903:SF18		22	205	2.4E-53	T	31-10-2018
Phoronis_australis_PAU|g17579.t1	22c6639ab08047c45d8d62eea5cfd01d	130	PANTHER	PTHR11903		2	128	4.2E-44	T	31-10-2018
Phoronis_australis_PAU|g17579.t1	22c6639ab08047c45d8d62eea5cfd01d	130	PANTHER	PTHR11903:SF18		2	128	4.2E-44	T	31-10-2018
Exaiptasia_pallida_EPA|XP_020894419.1	7fa4ecd1bece08d4a55bbef0824da6dc	252	PANTHER	PTHR11903		64	251	1.7E-72	T	31-10-2018
Exaiptasia_pallida_EPA|XP_020894419.1	7fa4ecd1bece08d4a55bbef0824da6dc	252	Pfam	PF01391	Collagen triple helix repeat (20 copies)	57	108	2.2E-10	T	31-10-2018	IPR008160	Collagen triple helix repeat		
Exaiptasia_pallida_EPA|XP_020894419.1	7fa4ecd1bece08d4a55bbef0824da6dc	252	PANTHER	PTHR11903:SF18		64	251	1.7E-72	T	31-10-2018
Exaiptasia_pallida_EPA|XP_020894421.1	c19955490c99fa1917004008a7a29fed	235	PANTHER	PTHR11903:SF18		30	234	1.1E-73	T	31-10-2018
Exaiptasia_pallida_EPA|XP_020894421.1	c19955490c99fa1917004008a7a29fed	235	PANTHER	PTHR11903		30	234	1.1E-73	T	31-10-2018
Exaiptasia_pallida_EPA|XP_020894421.1	c19955490c99fa1917004008a7a29fed	235	Pfam	PF01391	Collagen triple helix repeat (20 copies)	44	94	8.5E-9	T	31-10-2018	IPR008160	Collagen triple helix repeat		
Exaiptasia_pallida_EPA|XP_020894420.1	c19955490c99fa1917004008a7a29fed	235	PANTHER	PTHR11903:SF18		30	234	1.1E-73	T	31-10-2018
Exaiptasia_pallida_EPA|XP_020894420.1	c19955490c99fa1917004008a7a29fed	235	PANTHER	PTHR11903		30	234	1.1E-73	T	31-10-2018
Exaiptasia_pallida_EPA|XP_020894420.1	c19955490c99fa1917004008a7a29fed	235	Pfam	PF01391	Collagen triple helix repeat (20 copies)	44	94	8.5E-9	T	31-10-2018	IPR008160	Collagen triple helix repeat		
Lamellibrachia_luymsi_proteins_LLU|FUN_009172-T1	14cc535f5f152a370a470a967091c04b	221	PANTHER	PTHR11903		70	212	1.0E-34	T	31-10-2018
Lamellibrachia_luymsi_proteins_LLU|FUN_009172-T1	14cc535f5f152a370a470a967091c04b	221	PANTHER	PTHR11903:SF18		70	212	1.0E-34	T	31-10-2018
Lamellibrachia_luymsi_proteins_LLU|FUN_040675-T1	3ce9a2bd6ae8648decb6590fb0eae795	297	SUPERFAMILY	SSF56672		68	153	6.23E-6	T	31-10-2018
Lamellibrachia_luymsi_proteins_LLU|FUN_040675-T1	3ce9a2bd6ae8648decb6590fb0eae795	297	PANTHER	PTHR11903:SF18		160	289	1.2E-32	T	31-10-2018
Lamellibrachia_luymsi_proteins_LLU|FUN_040675-T1	3ce9a2bd6ae8648decb6590fb0eae795	297	PANTHER	PTHR11903		160	289	1.2E-32	T	31-10-2018
Lamellibrachia_luymsi_proteins_LLU|FUN_006542-T1	ae11ec4900423ee53dc773e81de1d216	170	PANTHER	PTHR11903		21	162	7.9E-44	T	31-10-2018
Lamellibrachia_luymsi_proteins_LLU|FUN_006542-T1	ae11ec4900423ee53dc773e81de1d216	170	PANTHER	PTHR11903:SF18		21	162	7.9E-44	T	31-10-2018
Lingula_anatina_LAN|XP_013388930.1	dc542f4177e0a5bf902f8e651408d09a	602	PANTHER	PTHR11903		131	279	2.1E-56	T	31-10-2018
Lingula_anatina_LAN|XP_013388930.1	dc542f4177e0a5bf902f8e651408d09a	602	SMART	SM00137		289	453	3.4E-25	T	31-10-2018	IPR000998	MAM domain	GO:0016020	
Lingula_anatina_LAN|XP_013388930.1	dc542f4177e0a5bf902f8e651408d09a	602	Pfam	PF00629	MAM domain, meprin/A5/mu	294	447	2.0E-31	T	31-10-2018	IPR000998	MAM domain	GO:0016020	
Lingula_anatina_LAN|XP_013388930.1	dc542f4177e0a5bf902f8e651408d09a	602	CDD	cd06263	MAM	294	451	3.61728E-36	T	31-10-2018	IPR000998	MAM domain	GO:0016020	
Lingula_anatina_LAN|XP_013388930.1	dc542f4177e0a5bf902f8e651408d09a	602	SUPERFAMILY	SSF49899		292	445	7.44E-35	T	31-10-2018	IPR013320	Concanavalin A-like lectin/glucanase domain superfamily		
Lingula_anatina_LAN|XP_013388930.1	dc542f4177e0a5bf902f8e651408d09a	602	ProSiteProfiles	PS50060	MAM domain profile.	292	453	28.642	T	31-10-2018	IPR000998	MAM domain	GO:0016020	
Lingula_anatina_LAN|XP_013388930.1	dc542f4177e0a5bf902f8e651408d09a	602	PANTHER	PTHR11903		26	136	2.1E-56	T	31-10-2018
Lingula_anatina_LAN|XP_013388930.1	dc542f4177e0a5bf902f8e651408d09a	602	PANTHER	PTHR11903		465	599	2.1E-56	T	31-10-2018
Lingula_anatina_LAN|XP_013388930.1	dc542f4177e0a5bf902f8e651408d09a	602	Gene3D	G3DSA:2.60.120.200		277	458	1.4E-40	T	31-10-2018
Lingula_anatina_LAN|XP_013388930.1	dc542f4177e0a5bf902f8e651408d09a	602	PANTHER	PTHR11903:SF18		26	136	2.1E-56	T	31-10-2018
Lingula_anatina_LAN|XP_013388930.1	dc542f4177e0a5bf902f8e651408d09a	602	PANTHER	PTHR11903:SF18		465	599	2.1E-56	T	31-10-2018
Lingula_anatina_LAN|XP_013388930.1	dc542f4177e0a5bf902f8e651408d09a	602	PANTHER	PTHR11903:SF18		131	279	2.1E-56	T	31-10-2018
Lamellibrachia_luymsi_proteins_LLU|FUN_021452-T1	3ac4263707a28fc87086b14c90d4cee0	191	PANTHER	PTHR11903:SF18		41	185	3.8E-40	T	31-10-2018
Lamellibrachia_luymsi_proteins_LLU|FUN_021452-T1	3ac4263707a28fc87086b14c90d4cee0	191	PANTHER	PTHR11903		41	185	3.8E-40	T	31-10-2018
Phoronis_australis_PAU|g19969.t1	203bb62eee98841c57b61bf184f2f3fe	146	PANTHER	PTHR11903:SF18		8	146	9.0E-38	T	31-10-2018
Phoronis_australis_PAU|g19969.t1	203bb62eee98841c57b61bf184f2f3fe	146	PANTHER	PTHR11903		8	146	9.0E-38	T	31-10-2018
Lamellibrachia_luymsi_proteins_LLU|FUN_003924-T1	695a2f895045d63dafb16bedb0edbe98	237	PANTHER	PTHR11903:SF18		91	229	1.7E-43	T	31-10-2018
Lamellibrachia_luymsi_proteins_LLU|FUN_003924-T1	695a2f895045d63dafb16bedb0edbe98	237	PANTHER	PTHR11903		91	229	1.7E-43	T	31-10-2018
Exaiptasia_pallida_EPA|XP_020896012.1	4cb65d3cd6f523b77e3a376bdbcb3b00	262	MobiDBLite	mobidb-lite	consensus disorder prediction	72	95	-	T	31-10-2018
Exaiptasia_pallida_EPA|XP_020896012.1	4cb65d3cd6f523b77e3a376bdbcb3b00	262	PANTHER	PTHR11903:SF18		84	261	2.4E-70	T	31-10-2018
Exaiptasia_pallida_EPA|XP_020896012.1	4cb65d3cd6f523b77e3a376bdbcb3b00	262	PANTHER	PTHR11903:SF18		57	87	2.4E-70	T	31-10-2018
Exaiptasia_pallida_EPA|XP_020896012.1	4cb65d3cd6f523b77e3a376bdbcb3b00	262	PANTHER	PTHR11903		84	261	2.4E-70	T	31-10-2018
Exaiptasia_pallida_EPA|XP_020896012.1	4cb65d3cd6f523b77e3a376bdbcb3b00	262	PANTHER	PTHR11903		57	87	2.4E-70	T	31-10-2018
Exaiptasia_pallida_EPA|XP_020896012.1	4cb65d3cd6f523b77e3a376bdbcb3b00	262	Pfam	PF01391	Collagen triple helix repeat (20 copies)	63	114	3.3E-9	T	31-10-2018	IPR008160	Collagen triple helix repeat		
Lingula_anatina_LAN|XP_013399630.1	d52d5110543caa7a96dab334a3d77755	218	PANTHER	PTHR11903		69	216	5.5E-43	T	31-10-2018
Lingula_anatina_LAN|XP_013399630.1	d52d5110543caa7a96dab334a3d77755	218	PANTHER	PTHR11903:SF18		69	216	5.5E-43	T	31-10-2018
Lamellibrachia_luymsi_proteins_LLU|FUN_036611-T1	0595ee967ab2ac8a2dbe13e5fc9e145e	212	PANTHER	PTHR11903:SF18		63	204	5.0E-43	T	31-10-2018
Lamellibrachia_luymsi_proteins_LLU|FUN_036611-T1	0595ee967ab2ac8a2dbe13e5fc9e145e	212	Coils	Coil		23	50	-	T	31-10-2018
Lamellibrachia_luymsi_proteins_LLU|FUN_036611-T1	0595ee967ab2ac8a2dbe13e5fc9e145e	212	PANTHER	PTHR11903		63	204	5.0E-43	T	31-10-2018
Lamellibrachia_luymsi_proteins_LLU|FUN_031370-T1	ca2e19ddbce34771c870e25e25254c2b	172	PANTHER	PTHR11903:SF18		36	163	3.6E-39	T	31-10-2018
Lamellibrachia_luymsi_proteins_LLU|FUN_031370-T1	ca2e19ddbce34771c870e25e25254c2b	172	PANTHER	PTHR11903		36	163	3.6E-39	T	31-10-2018
Lamellibrachia_luymsi_proteins_LLU|FUN_023354-T1	685b194c41f96fa43085c56283bfcf3b	158	PANTHER	PTHR11903		7	151	2.0E-43	T	31-10-2018
Lamellibrachia_luymsi_proteins_LLU|FUN_023354-T1	685b194c41f96fa43085c56283bfcf3b	158	PANTHER	PTHR11903:SF18		7	151	2.0E-43	T	31-10-2018
Lingula_anatina_LAN|XP_013399633.1	74e7201b3776b225827772cb9a9784de	200	PANTHER	PTHR11903		49	198	1.8E-43	T	31-10-2018
Lingula_anatina_LAN|XP_013399633.1	74e7201b3776b225827772cb9a9784de	200	PANTHER	PTHR11903:SF18		49	198	1.8E-43	T	31-10-2018
Exaiptasia_pallida_EPA|XP_020905080.1	6ec5efa683efbe534ea268e4051eebaa	212	MobiDBLite	mobidb-lite	consensus disorder prediction	28	71	-	T	31-10-2018
Exaiptasia_pallida_EPA|XP_020905080.1	6ec5efa683efbe534ea268e4051eebaa	212	Pfam	PF01391	Collagen triple helix repeat (20 copies)	25	74	1.2E-7	T	31-10-2018	IPR008160	Collagen triple helix repeat		
Exaiptasia_pallida_EPA|XP_020905080.1	6ec5efa683efbe534ea268e4051eebaa	212	PANTHER	PTHR11903		16	211	6.8E-75	T	31-10-2018
Exaiptasia_pallida_EPA|XP_020905080.1	6ec5efa683efbe534ea268e4051eebaa	212	PANTHER	PTHR11903:SF18		16	211	6.8E-75	T	31-10-2018
Lamellibrachia_luymsi_proteins_LLU|FUN_005513-T1	603b157e94051ce6ec5f3cfcb48176fe	248	Coils	Coil		62	82	-	T	31-10-2018
Lamellibrachia_luymsi_proteins_LLU|FUN_005513-T1	603b157e94051ce6ec5f3cfcb48176fe	248	PANTHER	PTHR11903:SF18		93	240	3.1E-41	T	31-10-2018
Lamellibrachia_luymsi_proteins_LLU|FUN_005513-T1	603b157e94051ce6ec5f3cfcb48176fe	248	PANTHER	PTHR11903		93	240	3.1E-41	T	31-10-2018
Phoronis_australis_PAU|g3533.t1	9cf2931c2888e173666acd22e78b49c9	267	MobiDBLite	mobidb-lite	consensus disorder prediction	28	151	-	T	31-10-2018
Phoronis_australis_PAU|g3533.t1	9cf2931c2888e173666acd22e78b49c9	267	Pfam	PF01391	Collagen triple helix repeat (20 copies)	31	83	5.5E-9	T	31-10-2018	IPR008160	Collagen triple helix repeat		
Phoronis_australis_PAU|g3533.t1	9cf2931c2888e173666acd22e78b49c9	267	Pfam	PF01391	Collagen triple helix repeat (20 copies)	85	128	2.5E-7	T	31-10-2018	IPR008160	Collagen triple helix repeat		
Phoronis_australis_PAU|g3533.t1	9cf2931c2888e173666acd22e78b49c9	267	PANTHER	PTHR11903		89	266	2.7E-53	T	31-10-2018
Phoronis_australis_PAU|g3533.t1	9cf2931c2888e173666acd22e78b49c9	267	PANTHER	PTHR11903:SF18		89	266	2.7E-53	T	31-10-2018
Lamellibrachia_luymsi_proteins_LLU|FUN_017337-T1	cf0aa23a7b8537e6b9c6ef9d800a0b8a	275	Coils	Coil		93	113	-	T	31-10-2018
Lamellibrachia_luymsi_proteins_LLU|FUN_017337-T1	cf0aa23a7b8537e6b9c6ef9d800a0b8a	275	PANTHER	PTHR11903:SF18		119	267	1.0E-39	T	31-10-2018
Lamellibrachia_luymsi_proteins_LLU|FUN_017337-T1	cf0aa23a7b8537e6b9c6ef9d800a0b8a	275	PANTHER	PTHR11903		119	267	1.0E-39	T	31-10-2018
Phoronis_australis_PAU|g13298.t1	0131ccce60dbdc7204c47303369b16fe	253	PANTHER	PTHR11903:SF18		111	252	5.8E-39	T	31-10-2018
Phoronis_australis_PAU|g13298.t1	0131ccce60dbdc7204c47303369b16fe	253	PANTHER	PTHR11903		111	252	5.8E-39	T	31-10-2018
Lingula_anatina_LAN|XP_013399589.1	ec4c990e14f06c49f98494732f509a62	554	PANTHER	PTHR11903		408	552	4.9E-93	T	31-10-2018
Lingula_anatina_LAN|XP_013399589.1	ec4c990e14f06c49f98494732f509a62	554	PANTHER	PTHR11903		111	243	4.9E-93	T	31-10-2018
Lingula_anatina_LAN|XP_013399589.1	ec4c990e14f06c49f98494732f509a62	554	PANTHER	PTHR11903		256	394	4.9E-93	T	31-10-2018
Lingula_anatina_LAN|XP_013399589.1	ec4c990e14f06c49f98494732f509a62	554	PANTHER	PTHR11903:SF18		408	552	4.9E-93	T	31-10-2018
Lingula_anatina_LAN|XP_013399589.1	ec4c990e14f06c49f98494732f509a62	554	PANTHER	PTHR11903:SF18		111	243	4.9E-93	T	31-10-2018
Lingula_anatina_LAN|XP_013399589.1	ec4c990e14f06c49f98494732f509a62	554	PANTHER	PTHR11903:SF18		256	394	4.9E-93	T	31-10-2018
Exaiptasia_pallida_EPA|XP_020916850.1	1aa2af19993052abb1340e9bd9cc732b	203	MobiDBLite	mobidb-lite	consensus disorder prediction	1	68	-	T	31-10-2018
Exaiptasia_pallida_EPA|XP_020916850.1	1aa2af19993052abb1340e9bd9cc732b	203	Pfam	PF01391	Collagen triple helix repeat (20 copies)	10	61	4.0E-10	T	31-10-2018	IPR008160	Collagen triple helix repeat		
Exaiptasia_pallida_EPA|XP_020916850.1	1aa2af19993052abb1340e9bd9cc732b	203	PANTHER	PTHR11903		17	202	3.7E-70	T	31-10-2018
Exaiptasia_pallida_EPA|XP_020916850.1	1aa2af19993052abb1340e9bd9cc732b	203	Gene3D	G3DSA:1.20.5.320		34	81	1.3E-5	T	31-10-2018
Exaiptasia_pallida_EPA|XP_020916850.1	1aa2af19993052abb1340e9bd9cc732b	203	PANTHER	PTHR11903:SF18		17	202	3.7E-70	T	31-10-2018
Lamellibrachia_luymsi_proteins_LLU|FUN_021398-T1	1afc5ecf1ea5593e01ba681e155da798	261	Coils	Coil		76	103	-	T	31-10-2018
Lamellibrachia_luymsi_proteins_LLU|FUN_021398-T1	1afc5ecf1ea5593e01ba681e155da798	261	PANTHER	PTHR11903:SF18		110	253	2.3E-39	T	31-10-2018
Lamellibrachia_luymsi_proteins_LLU|FUN_021398-T1	1afc5ecf1ea5593e01ba681e155da798	261	PANTHER	PTHR11903		110	253	2.3E-39	T	31-10-2018
Exaiptasia_pallida_EPA|XP_020917218.1	8381192a652a11578662aef8e8d87bae	250	MobiDBLite	mobidb-lite	consensus disorder prediction	28	113	-	T	31-10-2018
Exaiptasia_pallida_EPA|XP_020917218.1	8381192a652a11578662aef8e8d87bae	250	PANTHER	PTHR11903:SF18		26	63	8.6E-75	T	31-10-2018
Exaiptasia_pallida_EPA|XP_020917218.1	8381192a652a11578662aef8e8d87bae	250	PANTHER	PTHR11903:SF18		63	249	8.6E-75	T	31-10-2018
Exaiptasia_pallida_EPA|XP_020917218.1	8381192a652a11578662aef8e8d87bae	250	PANTHER	PTHR11903		26	63	8.6E-75	T	31-10-2018
Exaiptasia_pallida_EPA|XP_020917218.1	8381192a652a11578662aef8e8d87bae	250	PANTHER	PTHR11903		63	249	8.6E-75	T	31-10-2018
Exaiptasia_pallida_EPA|XP_020917218.1	8381192a652a11578662aef8e8d87bae	250	Gene3D	G3DSA:1.20.5.320		80	126	6.2E-6	T	31-10-2018
Exaiptasia_pallida_EPA|XP_020917218.1	8381192a652a11578662aef8e8d87bae	250	Pfam	PF01391	Collagen triple helix repeat (20 copies)	29	84	2.1E-10	T	31-10-2018	IPR008160	Collagen triple helix repeat		
Exaiptasia_pallida_EPA|XP_020917218.1	8381192a652a11578662aef8e8d87bae	250	Pfam	PF01391	Collagen triple helix repeat (20 copies)	56	107	6.9E-9	T	31-10-2018	IPR008160	Collagen triple helix repeat		
Lamellibrachia_luymsi_proteins_LLU|FUN_014275-T1	1315293f5afabfb4abd0fad3517c7dbb	200	PANTHER	PTHR11903:SF18		51	192	1.7E-41	T	31-10-2018
Lamellibrachia_luymsi_proteins_LLU|FUN_014275-T1	1315293f5afabfb4abd0fad3517c7dbb	200	PANTHER	PTHR11903		51	192	1.7E-41	T	31-10-2018
Phoronis_australis_PAU|g6126.t1	37204e01b7b732d0193d23b79cb53321	177	PANTHER	PTHR11903:SF18		38	177	1.5E-39	T	31-10-2018
Phoronis_australis_PAU|g6126.t1	37204e01b7b732d0193d23b79cb53321	177	PANTHER	PTHR11903		38	177	1.5E-39	T	31-10-2018
Phoronis_australis_PAU|g6126.t1	37204e01b7b732d0193d23b79cb53321	177	Coils	Coil		30	50	-	T	31-10-2018
Lingula_anatina_LAN|XP_013410143.1	d6b9b9b0ed312430cf7b769545496c6b	205	MobiDBLite	mobidb-lite	consensus disorder prediction	28	71	-	T	31-10-2018
Lingula_anatina_LAN|XP_013410143.1	d6b9b9b0ed312430cf7b769545496c6b	205	PANTHER	PTHR11903		21	204	2.1E-52	T	31-10-2018
Lingula_anatina_LAN|XP_013410143.1	d6b9b9b0ed312430cf7b769545496c6b	205	PANTHER	PTHR11903:SF18		21	204	2.1E-52	T	31-10-2018
Lingula_anatina_LAN|XP_013410143.1	d6b9b9b0ed312430cf7b769545496c6b	205	Pfam	PF01391	Collagen triple helix repeat (20 copies)	31	66	1.7E-6	T	31-10-2018	IPR008160	Collagen triple helix repeat		
Lingula_anatina_LAN|XP_013410143.1	d6b9b9b0ed312430cf7b769545496c6b	205	Gene3D	G3DSA:1.20.5.320		30	84	2.1E-6	T	31-10-2018
Exaiptasia_pallida_EPA|XP_020909418.1	4c70e61ec74c56ec6bcb51ea6025c42d	228	Pfam	PF01391	Collagen triple helix repeat (20 copies)	41	90	1.1E-7	T	31-10-2018	IPR008160	Collagen triple helix repeat		
Exaiptasia_pallida_EPA|XP_020909418.1	4c70e61ec74c56ec6bcb51ea6025c42d	228	PANTHER	PTHR11903:SF18		37	227	6.4E-73	T	31-10-2018
Exaiptasia_pallida_EPA|XP_020909418.1	4c70e61ec74c56ec6bcb51ea6025c42d	228	PANTHER	PTHR11903		37	227	6.4E-73	T	31-10-2018
Lingula_anatina_LAN|XP_013388928.1	24744ca58af6d21af6e8bd261c8b799f	322	PANTHER	PTHR11903:SF18		107	259	1.0E-47	T	31-10-2018
Lingula_anatina_LAN|XP_013388928.1	24744ca58af6d21af6e8bd261c8b799f	322	PANTHER	PTHR11903:SF18		2	108	1.0E-47	T	31-10-2018
Lingula_anatina_LAN|XP_013388928.1	24744ca58af6d21af6e8bd261c8b799f	322	PANTHER	PTHR11903:SF18		275	316	1.0E-47	T	31-10-2018
Lingula_anatina_LAN|XP_013388928.1	24744ca58af6d21af6e8bd261c8b799f	322	PANTHER	PTHR11903		107	259	1.0E-47	T	31-10-2018
Lingula_anatina_LAN|XP_013388928.1	24744ca58af6d21af6e8bd261c8b799f	322	PANTHER	PTHR11903		2	108	1.0E-47	T	31-10-2018
Lingula_anatina_LAN|XP_013388928.1	24744ca58af6d21af6e8bd261c8b799f	322	PANTHER	PTHR11903		275	316	1.0E-47	T	31-10-2018
Lamellibrachia_luymsi_proteins_LLU|FUN_003919-T1	c2c2b0cc93409aff357ce3a0310d5d6a	231	PANTHER	PTHR11903:SF18		82	224	1.6E-40	T	31-10-2018
Lamellibrachia_luymsi_proteins_LLU|FUN_003919-T1	c2c2b0cc93409aff357ce3a0310d5d6a	231	PANTHER	PTHR11903		82	224	1.6E-40	T	31-10-2018
Exaiptasia_pallida_EPA|XP_020917219.1	9b663c62fc42d50f7979a8447f16606b	232	PANTHER	PTHR11903		36	231	1.3E-70	T	31-10-2018
Exaiptasia_pallida_EPA|XP_020917219.1	9b663c62fc42d50f7979a8447f16606b	232	PANTHER	PTHR11903:SF18		36	231	1.3E-70	T	31-10-2018
Exaiptasia_pallida_EPA|XP_020917219.1	9b663c62fc42d50f7979a8447f16606b	232	Pfam	PF01391	Collagen triple helix repeat (20 copies)	39	90	3.3E-10	T	31-10-2018	IPR008160	Collagen triple helix repeat		
Exaiptasia_pallida_EPA|XP_020917219.1	9b663c62fc42d50f7979a8447f16606b	232	Gene3D	G3DSA:1.20.5.320		63	112	6.7E-6	T	31-10-2018
Lamellibrachia_luymsi_proteins_LLU|FUN_018236-T1	67bcdb102c47b659e06166a739d8739b	219	PANTHER	PTHR11903:SF18		68	210	2.4E-31	T	31-10-2018
Lamellibrachia_luymsi_proteins_LLU|FUN_018236-T1	67bcdb102c47b659e06166a739d8739b	219	PANTHER	PTHR11903		68	210	2.4E-31	T	31-10-2018
Lamellibrachia_luymsi_proteins_LLU|FUN_018236-T1	67bcdb102c47b659e06166a739d8739b	219	Coils	Coil		45	65	-	T	31-10-2018
Lamellibrachia_luymsi_proteins_LLU|FUN_017183-T1	641d2e0c355e885239a0e8eec8f3c734	202	PANTHER	PTHR11903		46	194	5.8E-41	T	31-10-2018
Lamellibrachia_luymsi_proteins_LLU|FUN_017183-T1	641d2e0c355e885239a0e8eec8f3c734	202	Coils	Coil		19	46	-	T	31-10-2018
Lamellibrachia_luymsi_proteins_LLU|FUN_017183-T1	641d2e0c355e885239a0e8eec8f3c734	202	PANTHER	PTHR11903:SF18		46	194	5.8E-41	T	31-10-2018
Exaiptasia_pallida_EPA|XP_020901066.1	2ccc285cf0ad9266b4ff8ca1cc502d64	212	PANTHER	PTHR11903		30	211	2.7E-72	T	31-10-2018
Exaiptasia_pallida_EPA|XP_020901066.1	2ccc285cf0ad9266b4ff8ca1cc502d64	212	MobiDBLite	mobidb-lite	consensus disorder prediction	26	73	-	T	31-10-2018
Exaiptasia_pallida_EPA|XP_020901066.1	2ccc285cf0ad9266b4ff8ca1cc502d64	212	Pfam	PF01391	Collagen triple helix repeat (20 copies)	28	74	2.5E-7	T	31-10-2018	IPR008160	Collagen triple helix repeat		
Exaiptasia_pallida_EPA|XP_020901066.1	2ccc285cf0ad9266b4ff8ca1cc502d64	212	PANTHER	PTHR11903:SF18		30	211	2.7E-72	T	31-10-2018
Lamellibrachia_luymsi_proteins_LLU|FUN_014276-T1	8d45221958073eb448385e28dc00f58b	269	Coils	Coil		66	107	-	T	31-10-2018
Lamellibrachia_luymsi_proteins_LLU|FUN_014276-T1	8d45221958073eb448385e28dc00f58b	269	PANTHER	PTHR11903		113	261	1.3E-39	T	31-10-2018
Lamellibrachia_luymsi_proteins_LLU|FUN_014276-T1	8d45221958073eb448385e28dc00f58b	269	PANTHER	PTHR11903:SF18		113	261	1.3E-39	T	31-10-2018
Phoronis_australis_PAU|g19556.t1	641c312acdfdee35d7988ec464ccebe4	339	PANTHER	PTHR11903:SF18		37	178	1.4E-34	T	31-10-2018
Phoronis_australis_PAU|g19556.t1	641c312acdfdee35d7988ec464ccebe4	339	Coils	Coil		28	48	-	T	31-10-2018
Phoronis_australis_PAU|g19556.t1	641c312acdfdee35d7988ec464ccebe4	339	PANTHER	PTHR11903		37	178	1.4E-34	T	31-10-2018
Phoronis_australis_PAU|g19556.t1	641c312acdfdee35d7988ec464ccebe4	339	Gene3D	G3DSA:2.60.120.740		273	337	1.1E-6	T	31-10-2018
Lingula_anatina_LAN|XP_013410144.1	a177b011bb62f18766d01853359c805b	204	Gene3D	G3DSA:1.20.5.320		30	85	1.9E-6	T	31-10-2018
Lingula_anatina_LAN|XP_013410144.1	a177b011bb62f18766d01853359c805b	204	MobiDBLite	mobidb-lite	consensus disorder prediction	28	70	-	T	31-10-2018
Lingula_anatina_LAN|XP_013410144.1	a177b011bb62f18766d01853359c805b	204	Pfam	PF01391	Collagen triple helix repeat (20 copies)	31	66	1.7E-6	T	31-10-2018	IPR008160	Collagen triple helix repeat		
Lingula_anatina_LAN|XP_013410144.1	a177b011bb62f18766d01853359c805b	204	PANTHER	PTHR11903		21	203	2.1E-50	T	31-10-2018
Lingula_anatina_LAN|XP_013410144.1	a177b011bb62f18766d01853359c805b	204	PANTHER	PTHR11903:SF18		21	203	2.1E-50	T	31-10-2018
Exaiptasia_pallida_EPA|XP_020916851.1	9ff5c456a0fbdcf373575f8bef1c1fb6	240	Gene3D	G3DSA:1.20.5.320		70	119	5.7E-6	T	31-10-2018
Exaiptasia_pallida_EPA|XP_020916851.1	9ff5c456a0fbdcf373575f8bef1c1fb6	240	Pfam	PF01391	Collagen triple helix repeat (20 copies)	19	74	1.3E-10	T	31-10-2018	IPR008160	Collagen triple helix repeat		
Exaiptasia_pallida_EPA|XP_020916851.1	9ff5c456a0fbdcf373575f8bef1c1fb6	240	Pfam	PF01391	Collagen triple helix repeat (20 copies)	55	97	7.3E-7	T	31-10-2018	IPR008160	Collagen triple helix repeat		
Exaiptasia_pallida_EPA|XP_020916851.1	9ff5c456a0fbdcf373575f8bef1c1fb6	240	MobiDBLite	mobidb-lite	consensus disorder prediction	22	101	-	T	31-10-2018
Exaiptasia_pallida_EPA|XP_020916851.1	9ff5c456a0fbdcf373575f8bef1c1fb6	240	PANTHER	PTHR11903:SF18		54	239	4.0E-74	T	31-10-2018
Exaiptasia_pallida_EPA|XP_020916851.1	9ff5c456a0fbdcf373575f8bef1c1fb6	240	PANTHER	PTHR11903:SF18		10	53	4.0E-74	T	31-10-2018
Exaiptasia_pallida_EPA|XP_020916851.1	9ff5c456a0fbdcf373575f8bef1c1fb6	240	PANTHER	PTHR11903		54	239	4.0E-74	T	31-10-2018
Exaiptasia_pallida_EPA|XP_020916851.1	9ff5c456a0fbdcf373575f8bef1c1fb6	240	PANTHER	PTHR11903		10	53	4.0E-74	T	31-10-2018
Lamellibrachia_luymsi_proteins_LLU|FUN_036612-T1	18c020ea874fa2f37f5262d25ba1401d	187	PANTHER	PTHR11903		32	179	1.0E-44	T	31-10-2018
Lamellibrachia_luymsi_proteins_LLU|FUN_036612-T1	18c020ea874fa2f37f5262d25ba1401d	187	PANTHER	PTHR11903:SF18		32	179	1.0E-44	T	31-10-2018
Phoronis_australis_PAU|g16185.t1	6febe39d16736f13c40348955be776e6	177	Coils	Coil		28	48	-	T	31-10-2018
Phoronis_australis_PAU|g16185.t1	6febe39d16736f13c40348955be776e6	177	PANTHER	PTHR11903		37	177	4.6E-34	T	31-10-2018
Phoronis_australis_PAU|g16185.t1	6febe39d16736f13c40348955be776e6	177	PANTHER	PTHR11903:SF18		37	177	4.6E-34	T	31-10-2018
Phoronis_australis_PAU|g3529.t1	46e39fff62db871be83aa45d8d5f496c	168	Coils	Coil		20	40	-	T	31-10-2018
Phoronis_australis_PAU|g3529.t1	46e39fff62db871be83aa45d8d5f496c	168	PANTHER	PTHR11903		28	168	3.0E-38	T	31-10-2018
Phoronis_australis_PAU|g3529.t1	46e39fff62db871be83aa45d8d5f496c	168	PANTHER	PTHR11903:SF18		28	168	3.0E-38	T	31-10-2018
Exaiptasia_pallida_EPA|XP_020914281.1	f84b27da2604120584042a35a3752f04	247	PANTHER	PTHR11903		62	246	1.3E-71	T	31-10-2018
Exaiptasia_pallida_EPA|XP_020914281.1	f84b27da2604120584042a35a3752f04	247	PANTHER	PTHR11903:SF18		62	246	1.3E-71	T	31-10-2018
Exaiptasia_pallida_EPA|XP_020914281.1	f84b27da2604120584042a35a3752f04	247	PANTHER	PTHR11903:SF18		37	76	1.3E-71	T	31-10-2018
Exaiptasia_pallida_EPA|XP_020914281.1	f84b27da2604120584042a35a3752f04	247	Pfam	PF01391	Collagen triple helix repeat (20 copies)	43	101	5.7E-9	T	31-10-2018	IPR008160	Collagen triple helix repeat		
Exaiptasia_pallida_EPA|XP_020914281.1	f84b27da2604120584042a35a3752f04	247	PANTHER	PTHR11903		37	76	1.3E-71	T	31-10-2018
Lamellibrachia_luymsi_proteins_LLU|FUN_003928-T1	cebe839ebc169ae5494cec8d09cc578e	217	Coils	Coil		50	70	-	T	31-10-2018
Lamellibrachia_luymsi_proteins_LLU|FUN_003928-T1	cebe839ebc169ae5494cec8d09cc578e	217	PANTHER	PTHR11903		62	209	9.6E-40	T	31-10-2018
Lamellibrachia_luymsi_proteins_LLU|FUN_003928-T1	cebe839ebc169ae5494cec8d09cc578e	217	PANTHER	PTHR11903:SF18		62	209	9.6E-40	T	31-10-2018
Lamellibrachia_luymsi_proteins_LLU|FUN_004619-T1	560d7d1f0ab1d079f1eb8bc8b0dc776b	137	PANTHER	PTHR11903		1	129	2.6E-41	T	31-10-2018
Lamellibrachia_luymsi_proteins_LLU|FUN_004619-T1	560d7d1f0ab1d079f1eb8bc8b0dc776b	137	PANTHER	PTHR11903:SF18		1	129	2.6E-41	T	31-10-2018
Exaiptasia_pallida_EPA|XP_020898280.1	055ad3c69747624c27011840af52fbdb	277	Gene3D	G3DSA:1.20.5.320		108	159	5.2E-7	T	31-10-2018
Exaiptasia_pallida_EPA|XP_020898280.1	055ad3c69747624c27011840af52fbdb	277	PANTHER	PTHR11903:SF18		89	276	1.5E-74	T	31-10-2018
Exaiptasia_pallida_EPA|XP_020898280.1	055ad3c69747624c27011840af52fbdb	277	PANTHER	PTHR11903		89	276	1.5E-74	T	31-10-2018
Exaiptasia_pallida_EPA|XP_020898280.1	055ad3c69747624c27011840af52fbdb	277	Pfam	PF01391	Collagen triple helix repeat (20 copies)	86	135	1.7E-9	T	31-10-2018	IPR008160	Collagen triple helix repeat		
Lamellibrachia_luymsi_proteins_LLU|FUN_015058-T1	e0cfb961697283bb911451c0179c4087	204	PANTHER	PTHR11903		32	196	3.6E-44	T	31-10-2018
Lamellibrachia_luymsi_proteins_LLU|FUN_015058-T1	e0cfb961697283bb911451c0179c4087	204	PANTHER	PTHR11903:SF18		32	196	3.6E-44	T	31-10-2018
Lamellibrachia_luymsi_proteins_LLU|FUN_005509-T1	bcdf6569def3a00086c634432b4b28cf	196	PANTHER	PTHR11903:SF18		63	188	1.2E-33	T	31-10-2018
Lamellibrachia_luymsi_proteins_LLU|FUN_005509-T1	bcdf6569def3a00086c634432b4b28cf	196	PANTHER	PTHR11903		63	188	1.2E-33	T	31-10-2018
Lamellibrachia_luymsi_proteins_LLU|FUN_004620-T1	55ef4bf058d823f8e764133dcd020968	241	PANTHER	PTHR11903		92	233	2.0E-44	T	31-10-2018
Lamellibrachia_luymsi_proteins_LLU|FUN_004620-T1	55ef4bf058d823f8e764133dcd020968	241	Coils	Coil		65	85	-	T	31-10-2018
Lamellibrachia_luymsi_proteins_LLU|FUN_004620-T1	55ef4bf058d823f8e764133dcd020968	241	PANTHER	PTHR11903:SF18		92	233	2.0E-44	T	31-10-2018
Lingula_anatina_LAN|XP_013399537.1	e21723ca9e2800440c73b8d474f32b6b	506	PANTHER	PTHR11903		208	346	2.1E-92	T	31-10-2018
Lingula_anatina_LAN|XP_013399537.1	e21723ca9e2800440c73b8d474f32b6b	506	PANTHER	PTHR11903		61	195	2.1E-92	T	31-10-2018
Lingula_anatina_LAN|XP_013399537.1	e21723ca9e2800440c73b8d474f32b6b	506	PANTHER	PTHR11903		367	504	2.1E-92	T	31-10-2018
Lingula_anatina_LAN|XP_013399537.1	e21723ca9e2800440c73b8d474f32b6b	506	PANTHER	PTHR11903:SF18		208	346	2.1E-92	T	31-10-2018
Lingula_anatina_LAN|XP_013399537.1	e21723ca9e2800440c73b8d474f32b6b	506	PANTHER	PTHR11903:SF18		61	195	2.1E-92	T	31-10-2018
Lingula_anatina_LAN|XP_013399537.1	e21723ca9e2800440c73b8d474f32b6b	506	PANTHER	PTHR11903:SF18		367	504	2.1E-92	T	31-10-2018
Lingula_anatina_LAN|XP_013388931.1	30e9970177bec9386475675aa4544546	171	PANTHER	PTHR11903:SF18		4	19	1.4E-14	T	31-10-2018
Lingula_anatina_LAN|XP_013388931.1	30e9970177bec9386475675aa4544546	171	PANTHER	PTHR11903:SF18		33	168	1.4E-14	T	31-10-2018
Lingula_anatina_LAN|XP_013388931.1	30e9970177bec9386475675aa4544546	171	PANTHER	PTHR11903		4	19	1.4E-14	T	31-10-2018
Lingula_anatina_LAN|XP_013388931.1	30e9970177bec9386475675aa4544546	171	PANTHER	PTHR11903		33	168	1.4E-14	T	31-10-2018
Lamellibrachia_luymsi_proteins_LLU|FUN_027566-T1	b4cf14351cf7b1229c6e347638497370	147	PANTHER	PTHR11903:SF18		1	140	6.8E-48	T	31-10-2018
Lamellibrachia_luymsi_proteins_LLU|FUN_027566-T1	b4cf14351cf7b1229c6e347638497370	147	PANTHER	PTHR11903		1	140	6.8E-48	T	31-10-2018
Phoronis_australis_PAU|g6125.t1	dd03e45f517e66cc458fe215db578b4c	177	Coils	Coil		30	50	-	T	31-10-2018
Phoronis_australis_PAU|g6125.t1	dd03e45f517e66cc458fe215db578b4c	177	PANTHER	PTHR11903:SF18		38	177	1.0E-38	T	31-10-2018
Phoronis_australis_PAU|g6125.t1	dd03e45f517e66cc458fe215db578b4c	177	PANTHER	PTHR11903		38	177	1.0E-38	T	31-10-2018
Lamellibrachia_luymsi_proteins_LLU|FUN_003925-T1	450ce12ad32f751578cd64c8ae317004	234	PANTHER	PTHR11903		87	226	8.4E-44	T	31-10-2018
Lamellibrachia_luymsi_proteins_LLU|FUN_003925-T1	450ce12ad32f751578cd64c8ae317004	234	PANTHER	PTHR11903:SF18		87	226	8.4E-44	T	31-10-2018
Lamellibrachia_luymsi_proteins_LLU|FUN_040673-T1	4d9509a30a6ed21f80eba5467c9899ed	134	PANTHER	PTHR11903:SF18		7	126	4.0E-36	T	31-10-2018
Lamellibrachia_luymsi_proteins_LLU|FUN_040673-T1	4d9509a30a6ed21f80eba5467c9899ed	134	PANTHER	PTHR11903		7	126	4.0E-36	T	31-10-2018
